{"RuleTriggered": 0, "Violations": 0, "Details": {"Network": {"algo-1": {"max": 91849545.82, "p99": 138.3, "p95": 0, "p50": 0, "min": 0}}, "GPU": {"algo-1": {"max": 100.0, "p99": 100.0, "p95": 100.0, "p50": 0, "min": 0}}, "CPU": {"algo-1": {"max": 99.51, "p99": 98.84, "p95": 90.67, "p50": 47.61, "min": 10.07}}, "CPU memory": {"algo-1": {"max": 32.64, "p99": 29.5, "p95": 25.58, "p50": 23.41, "min": 4.04}}, "GPU memory": {"algo-1": {"max": 100.0, "p99": 97.0, "p95": 92.0, "p50": 0, "min": 0}}, "I/O": {"algo-1": {"max": 45.24, "p99": 27.83, "p95": 22.96, "p50": 0, "min": 0}}}, "Datapoints": 1230, "RuleParameters": ""}